{
  "tier": "smoke",
  "folds": [
    {
      "fold": 1,
      "val_acc": 0.603448275862069,
      "val_f1": 0.5964912280701754
    },
    {
      "fold": 2,
      "val_acc": 0.5789473684210527,
      "val_f1": 0.5384615384615384
    }
  ],
  "cv_acc_mean": 0.5911978221415608,
  "cv_acc_std": 0.012250453720508148,
  "cv_f1_mean": 0.5674763832658569,
  "cv_f1_std": 0.029014844804318485,
  "histories": [
    {
      "train_loss": [
        0.727068305015564,
        0.7185523509979248,
        0.710782527923584,
        0.6976916790008545,
        0.6845448613166809
      ],
      "val_loss": [
        0.7273733019828796,
        0.7256291508674622,
        0.7237144708633423,
        0.7213951349258423,
        0.7184654474258423
      ],
      "val_acc": [
        0.5,
        0.6551724137931034,
        0.6206896551724138,
        0.6206896551724138,
        0.603448275862069
      ],
      "val_f1": [
        0.0,
        0.5,
        0.5416666666666666,
        0.5925925925925926,
        0.5964912280701754
      ]
    },
    {
      "train_loss": [
        0.7183610200881958,
        0.7132471203804016,
        0.7079259753227234,
        0.7047511339187622,
        0.6982842683792114
      ],
      "val_loss": [
        0.7164918184280396,
        0.7142472267150879,
        0.711883544921875,
        0.709012508392334,
        0.7053351998329163
      ],
      "val_acc": [
        0.5087719298245614,
        0.5263157894736842,
        0.5087719298245614,
        0.543859649122807,
        0.5789473684210527
      ],
      "val_f1": [
        0.5483870967741935,
        0.5263157894736842,
        0.48148148148148145,
        0.5185185185185185,
        0.5384615384615384
      ]
    }
  ]
}